{
    "mailgun" : {
        "api_key" : "key-ea2e3ab5ee11c200168588fc18acf3a3",
        "domain" : "1234qwerasdf.com",
        "sender" : "E.G. POSTMASTER@YOURDOMAIN.COM",
        "recipient" : "WHO YOU WANT TO SEND THE EMAIL TO"
    },
    "aws" : {
        "hostname" : "lunch.zuoshachi.com",
        "webserver" : {
            "port" : 3000
        },
        "mailserver" : {
            "port" : 12333
        }
    },
    "mongodb" : {
        "hostname" : "localhost",
        "dbname" : "test",
        "port" : 27017
    }
}
